n_neurons,n_hidden,n_epochs,time,avg_ISI,max_rate,datatype,inpConn_density,resConn_density,inpConn_type_0,inpConn_type_1,inpConn_type_2,resConn_type_0,resConn_type_1,resConn_type_2,train_sample,Last epoch train loss,train_time,cpu_time,peak_ram_MB,final_ram_MB,test_sample,test_time,rmse
500,50,20,100,1,50,float,1.0,0.5,rand,exe,0.3,rand,inb,0.5,5000,0.09727052737762097,891.2804093360901,4589.46875,55.80724906921387,305.18359375,10000,796.540726184845,0.3194416423402438
500,50,20,100,1,50,float,1.0,0.5,rand,exe,0.3,rand,inb,0.5,5000,0.019694814804638413,749.8646419048309,4134.0,55.806636810302734,329.015625,10000,870.9055042266846,0.930447121575219
