Metric,Value
Final Training Loss,0.06442433595657349
Wall Clock Time (s),174.67399430274963
CPU Time (s),183.609375
Memory Usage Δ (MB),-257.5859375
Peak RAM Usage (MB),85.74188041687012
Final Memory Usage (MB),87.30859375
Prediction Time (s),4.593478441238403
Global RMSE,0.04999005585782528
